transaction_id,account_id,date,amount,category,hour,is_fraud,is_holiday,anomaly_score,alert
2102689,448,2025-12-28,4656.2,boleto,6,True,False,0.8453968405649634,True
1912991,26,2025-10-26,2165.5,cartao,1,True,False,0.8429593813243326,True
2008779,3232,2025-11-26,2943.91,PIX,0,True,False,0.8413383140349918,True
2007447,1097,2025-11-26,3817.32,PIX,3,True,False,0.8413383140349918,True
2007621,1380,2025-11-26,3426.03,cartao,3,True,False,0.8413383140349918,True
2114639,3906,2025-12-31,5028.55,PIX,3,True,False,0.8413383140349918,True
1950138,542,2025-11-06,3282.73,boleto,6,True,False,0.8405289497981011,True
1948770,3869,2025-11-05,2456.93,cartao,2,True,False,0.8401245597034726,True
1878173,2012,2025-10-13,3781.04,PIX,6,True,False,0.8397203641665076,True
2087234,101,2025-12-22,2994.91,PIX,4,True,False,0.8397203641665076,True
1965818,3262,2025-11-10,3412.86,PIX,1,True,False,0.8397203641665076,True
2048460,2403,2025-12-08,2908.09,cartao,1,True,False,0.8397203641665076,True
1943675,2648,2025-11-04,3047.0,cartao,6,True,False,0.8393163630936018,True
2006628,4745,2025-11-25,2692.27,PIX,0,True,False,0.8389125563911958,True
1967376,211,2025-11-11,2584.61,PIX,6,True,False,0.8381055257238711,True
1958912,1867,2025-11-08,4251.13,boleto,6,True,False,0.8372992714169585,True
2067262,4677,2025-12-13,3463.72,PIX,5,True,False,0.8372992714169585,True
1874244,2806,2025-10-11,3733.5,PIX,1,True,False,0.8372992714169585,True
2019718,1580,2025-11-30,1573.3,cartao,2,True,False,0.8368964351652362,True
2045698,3466,2025-12-07,1482.59,cartao,6,True,False,0.8364937927236021,True
2080520,3885,2025-12-18,2091.01,PIX,3,True,False,0.8360913439988117,True
2013072,4692,2025-11-27,2030.07,PIX,6,True,False,0.8360913439988117,True
1935446,4420,2025-11-01,2515.81,boleto,5,True,False,0.8360913439988117,True
2088453,2413,2025-12-22,1789.32,cartao,0,True,False,0.835689088897665,True
1871751,3559,2025-10-10,3055.34,cartao,0,True,False,0.835689088897665,True
1973850,4190,2025-11-12,1936.9,PIX,5,True,False,0.8348851591937274,True
1858106,2000,2025-10-07,2018.06,cartao,2,True,False,0.8348851591937274,True
1944312,3458,2025-11-04,2085.51,PIX,3,True,False,0.8348851591937274,True
1935924,626,2025-11-02,1423.57,cartao,0,True,True,0.8348851591937274,True
2034946,2161,2025-12-04,1816.27,saque,1,True,False,0.834483484404761,True
1970501,4449,2025-11-11,2372.53,boleto,1,True,False,0.834483484404761,True
1931436,2622,2025-10-31,2503.11,PIX,0,True,False,0.834483484404761,True
2003838,238,2025-11-25,2284.16,PIX,4,True,False,0.834483484404761,True
2009030,3669,2025-11-26,1793.36,PIX,5,True,False,0.834483484404761,True
2017817,2615,2025-11-29,2468.6,PIX,2,True,False,0.834483484404761,True
1963785,572,2025-11-10,1642.58,boleto,6,True,False,0.834082002867087,True
2069748,324,2025-12-15,1498.96,PIX,6,True,False,0.8336807144877296,True
2039913,3355,2025-12-05,2147.55,cartao,3,True,False,0.8332796191737578,True
2005036,2201,2025-11-25,1925.7,PIX,0,True,False,0.8332796191737578,True
2037904,929,2025-12-05,2084.23,cartao,3,True,False,0.8332796191737578,True
2082666,2867,2025-12-19,2361.53,PIX,3,True,False,0.8328787168322851,True
2034170,1149,2025-12-04,1695.97,PIX,5,True,False,0.8320774906955144,True
2041000,4553,2025-12-05,1899.17,PIX,0,True,False,0.8312770353352196,True
1979617,2681,2025-11-14,1901.58,cartao,2,True,False,0.8312770353352196,True
1878070,1849,2025-10-13,1451.87,cartao,2,True,False,0.830877096464509,True
1888833,3666,2025-10-16,1490.08,boleto,6,True,False,0.8292792642173313,True
2023484,2830,2025-12-01,1319.81,boleto,1,True,False,0.8280829068398151,True
1879221,3521,2025-10-13,1315.73,cartao,3,True,False,0.8280829068398151,True
1956113,2792,2025-11-07,1735.52,PIX,4,True,False,0.8276845047084694,True
1861906,1491,2025-10-08,1534.51,cartao,1,True,False,0.8276845047084694,True
1990806,1368,2025-11-19,1501.52,boleto,3,True,False,0.8276845047084694,True
1930519,1369,2025-10-31,1692.93,PIX,2,True,False,0.8276845047084694,True
1893194,1357,2025-10-18,1615.91,PIX,0,True,False,0.826888275383875,True
1933161,4969,2025-10-31,1512.11,cartao,3,True,False,0.8252981139065113,True
1890690,1686,2025-10-17,1487.18,cartao,6,True,False,0.8252981139065113,True
2074710,3720,2025-12-16,1407.4,cartao,6,True,False,0.8249010515775343,True
1999545,1669,2025-11-23,1095.36,PIX,1,True,False,0.8245041802807316,True
2065574,956,2025-12-13,1349.59,PIX,3,True,False,0.8237110104160601,True
2072158,4349,2025-12-15,950.37,boleto,0,True,False,0.8225226860640908,True
1867754,3537,2025-10-09,1214.29,cartao,1,True,False,0.8213360760448761,True
2090170,591,2025-12-23,1334.58,saque,3,True,False,0.8209409199070734,True
1965055,2234,2025-11-10,896.32,PIX,2,True,False,0.8201511778852388,True
1982044,3586,2025-11-15,1267.98,boleto,1,True,True,0.8201511778852388,True
1946436,997,2025-11-05,1282.5,cartao,3,True,False,0.8197565918183171,True
1864263,4262,2025-10-08,1214.28,cartao,6,True,False,0.8197565918183171,True
2049230,3443,2025-12-08,895.03,boleto,6,True,False,0.8193621955922056,True
1872386,4343,2025-10-10,1305.07,boleto,1,True,False,0.8189679891155695,True
2011876,2954,2025-11-27,1152.42,cartao,4,True,False,0.8177865072698214,True
1872705,4730,2025-10-10,1263.88,PIX,4,True,False,0.8173930588786146,True
1954811,1128,2025-11-07,1239.37,cartao,2,True,False,0.8173930588786146,True
2085022,3468,2025-12-20,1139.55,PIX,3,True,False,0.8169997997808667,True
2087559,748,2025-12-22,864.12,PIX,1,True,False,0.8166067298855058,True
2005155,2399,2025-11-25,1192.04,PIX,6,True,False,0.8166067298855058,True
1929409,4941,2025-10-30,1057.91,cartao,5,True,False,0.8150363405080329,True
1840168,2572,2025-10-02,1093.53,boleto,3,True,False,0.8150363405080329,True
1887060,706,2025-10-16,1064.76,PIX,5,True,False,0.8150363405080329,True
1907791,4823,2025-10-23,1006.77,PIX,1,True,False,0.8142522786689734,True
1882536,3563,2025-10-14,1109.37,cartao,3,True,False,0.8142522786689734,True
1996354,3676,2025-11-21,1154.75,saque,4,True,False,0.8138605306439928,True
1859691,4008,2025-10-07,1060.0,cartao,1,True,False,0.8138605306439928,True
1980397,3930,2025-11-14,1142.39,cartao,5,True,False,0.8138605306439928,True
2018030,3099,2025-11-29,974.75,PIX,0,True,False,0.8130775999295208,True
1972436,2125,2025-11-12,1107.44,PIX,1,True,False,0.8109149927690162,True
1904675,4398,2025-10-22,1054.19,boleto,2,True,False,0.8109149927690162,True
1955197,1633,2025-11-07,1014.5,cartao,6,True,False,0.8099534015930868,True
2026555,1651,2025-12-02,932.93,PIX,6,True,False,0.8095637218172819,True
1967938,959,2025-11-11,930.92,PIX,6,True,False,0.8095637218172819,True
1862470,2133,2025-10-08,924.99,cartao,6,True,False,0.8077991041113802,True
1937098,4229,2025-11-02,709.45,cartao,5,True,True,0.8072295770938354,True
1892139,4079,2025-10-17,900.39,cartao,2,True,False,0.8064530253312908,True
2000992,378,2025-11-24,699.12,PIX,0,True,False,0.8060650296348837,True
1955571,2088,2025-11-07,884.88,cartao,4,True,False,0.8060650296348837,True
2093392,1202,2025-12-24,876.5,PIX,1,True,False,0.8039210743653352,True
1837083,3880,2025-10-01,873.76,PIX,2,True,False,0.8039210743653352,True
2076905,2412,2025-12-17,875.6,boleto,6,True,False,0.8039210743653352,True
1861037,483,2025-10-08,861.65,PIX,2,True,False,0.8027612999084573,True
2080798,4382,2025-12-18,818.78,PIX,3,True,False,0.8006526494404117,True
2004338,1055,2025-11-25,836.03,PIX,1,True,False,0.8002674443850123,True
1943724,2734,2025-11-04,811.16,boleto,5,True,False,0.8002674443850123,True
2004443,1230,2025-11-25,819.53,cartao,6,True,False,0.8002674443850123,True
