account_id,count_recent,count_previous,activity_ratio,recency,mean_amount,tenure,churn,churn_probability
1527,35,41,0.8571428571428571,0,76.28885714285714,658,0,0.0011506468356078075
4137,44,56,0.7894736842105263,0,159.9934090909091,622,0,0.0010563224878551531
364,15,14,1.0666666666666667,0,114.61866666666667,665,0,0.004718642575694366
3885,31,37,0.8421052631578947,0,89.70967741935483,575,0,0.0017272153390885375
922,37,29,1.2666666666666666,0,69.73081081081081,566,0,0.0002247817415586097
1418,31,30,1.032258064516129,0,93.38000000000001,441,0,0.0008564836100657033
4478,12,9,1.3,2,96.8575,439,0,0.0035001136783398036
203,37,28,1.3103448275862069,0,105.76648648648649,490,0,0.00023095407307377493
2519,18,20,0.9047619047619048,0,83.68055555555556,400,0,0.0038982660510956534
1629,25,45,0.5652173913043478,0,72.77159999999999,661,0,0.00752659347364357
1387,40,21,1.8636363636363635,1,77.25399999999999,602,0,4.034826991683806e-05
3253,20,16,1.2352941176470589,2,77.4905,588,0,0.0020371893508698037
995,27,34,0.8,0,65.59555555555555,512,0,0.002335551802136988
587,52,35,1.4722222222222223,0,91.75115384615385,670,0,3.8527731320843665e-05
2118,9,6,1.4285714285714286,1,114.58555555555556,536,0,0.0030967427765769035
1109,20,18,1.105263157894737,0,99.814,686,0,0.00248644308270853
1427,16,16,1.0,3,63.894999999999996,429,0,0.006142389328291455
2319,45,33,1.3529411764705883,0,83.68555555555555,467,0,8.190218558483452e-05
1207,34,36,0.9459459459459459,0,100.48764705882353,483,0,0.000926172622204911
3139,52,33,1.5588235294117647,0,96.54826923076924,551,0,2.668729222181902e-05
384,35,35,1.0,0,80.744,690,0,0.0007719871185724252
2095,19,25,0.7692307692307693,2,85.58894736842106,466,0,0.009090416134046686
2329,29,33,0.8823529411764706,0,81.9396551724138,655,0,0.0018779966680266226
1276,16,17,0.9444444444444444,5,72.2325,502,0,0.012603262028984487
768,38,39,0.975,1,77.45210526315789,658,0,0.0007491376019397002
1158,16,13,1.2142857142857142,0,60.316875,584,0,0.0017904896776371152
3397,27,20,1.3333333333333333,0,66.37148148148148,411,0,0.0004005822700381062
4679,26,36,0.7297297297297297,2,80.30961538461537,679,0,0.006461128904537448
1530,31,28,1.103448275862069,0,82.78677419354838,673,0,0.0007984818751023565
4581,14,30,0.4838709677419355,1,143.18428571428572,408,0,0.039472994325018426
2895,19,41,0.47619047619047616,1,96.58526315789473,538,0,0.022123336621757958
1248,11,12,0.9230769230769231,1,82.08909090909091,602,0,0.009950001686378584
97,46,57,0.8103448275862069,0,77.70913043478261,495,0,0.00043560383772498265
3356,14,22,0.6521739130434783,4,62.46142857142856,682,0,0.032919037396931715
4176,17,26,0.6666666666666666,0,68.25411764705882,608,0,0.009740904902229763
1382,33,35,0.9444444444444444,0,89.92363636363636,595,0,0.0010508730738700758
2892,21,14,1.4666666666666666,1,80.78380952380952,590,0,0.0007681297278281833
2602,24,38,0.6410256410256411,1,76.78708333333333,465,0,0.006831214754194436
4851,39,30,1.2903225806451613,3,82.19871794871794,482,0,0.0003475133085645561
4037,21,25,0.8461538461538461,0,93.56952380952382,515,0,0.004084858121123369
4746,16,22,0.7391304347826086,0,93.36687500000001,470,0,0.0087804820429603
617,42,34,1.2285714285714286,0,67.75666666666667,620,0,0.00016621421948348808
1989,33,33,1.0,1,86.22575757575757,422,0,0.0009414071411893941
4823,26,44,0.6,0,100.24,407,0,0.005914111236529871
3883,25,11,2.1666666666666665,2,137.5764,563,0,0.00013265250659583646
1273,24,13,1.7857142857142858,0,62.928333333333335,497,0,0.00014766802488183178
124,15,15,1.0,2,66.83466666666666,443,0,0.005503636749929782
2815,24,18,1.3157894736842106,1,102.0125,671,0,0.0011436392138477562
3515,24,44,0.5555555555555556,0,119.37708333333335,408,0,0.009243779657505563
772,39,21,1.8181818181818181,0,80.2848717948718,698,0,4.7046620341794795e-05
2579,18,22,0.8260869565217391,1,126.20277777777778,529,0,0.008798224879486803
582,26,31,0.84375,0,89.99346153846153,667,0,0.00297453404361152
1006,41,33,1.2352941176470589,0,104.26268292682929,444,0,0.00019220451078207003
2368,27,33,0.8235294117647058,1,129.71851851851852,651,0,0.004562012399907175
2852,12,9,1.3,2,83.20083333333334,665,0,0.004046731051309448
3306,46,55,0.8392857142857143,0,80.29282608695652,617,0,0.0004454701592347987
2056,29,20,1.4285714285714286,3,117.47724137931036,479,0,0.0007295325452494812
4753,34,53,0.6481481481481481,0,95.35911764705882,438,0,0.0024359179172504905
137,17,36,0.4864864864864865,3,70.21941176470588,690,0,0.0378450853169763
258,20,22,0.9130434782608695,1,112.30799999999999,647,0,0.005747793286713469
1481,35,35,1.0,3,93.74085714285714,699,0,0.0016623101523477995
4337,37,36,1.027027027027027,1,95.39351351351351,601,0,0.0007296031684295226
3047,36,26,1.3703703703703705,1,93.07166666666666,471,0,0.0002412104994701668
4174,16,15,1.0625,0,92.090625,579,0,0.003428646257689657
1238,44,34,1.2857142857142858,0,100.68227272727273,610,0,0.0001413336406483759
3956,17,12,1.3846153846153846,1,96.65882352941176,543,0,0.0014915034635573155
200,40,37,1.0789473684210527,0,93.5375,590,0,0.0003654638488837867
1739,32,41,0.7857142857142857,0,69.956875,638,0,0.0018017213400071546
4257,22,21,1.0454545454545454,0,73.87181818181818,673,0,0.0020690490101969022
1616,19,17,1.1111111111111112,2,116.7578947368421,461,0,0.003725683291282783
1310,16,28,0.5862068965517241,0,114.276875,542,0,0.017274458128509255
3328,13,15,0.875,1,85.68615384615386,582,0,0.009658267183356712
3456,12,10,1.1818181818181819,0,104.51916666666666,474,0,0.0033992131853214157
76,29,34,0.8571428571428571,0,75.05827586206897,600,0,0.0018416799969492963
103,38,37,1.0263157894736843,0,79.04868421052632,697,0,0.0005383104048895911
4767,29,33,0.8823529411764706,2,50.55862068965517,697,0,0.0025409211529564247
2696,35,32,1.0909090909090908,2,104.09142857142857,661,0,0.0010158701569410184
4267,40,40,1.0,3,118.1625,421,0,0.00096284828128782
2,11,19,0.6,3,69.88181818181819,503,0,0.03678105717274949
1447,11,15,0.75,3,80.38818181818182,412,0,0.023196310686108737
2859,25,29,0.8666666666666667,0,72.3524,566,0,0.0024405698835323866
2045,30,22,1.3478260869565217,1,126.41266666666667,402,0,0.0005335812249895776
4641,31,33,0.9411764705882353,0,77.09354838709677,690,0,0.0013123653089323636
2539,26,38,0.6923076923076923,1,96.12115384615385,551,0,0.005706660934760254
2821,21,18,1.1578947368421053,0,85.22952380952381,450,0,0.0013852561068521173
1110,24,31,0.78125,0,99.6125,510,0,0.003989994388948949
1657,3,14,0.26666666666666666,25,39.440000000000005,437,1,0.9502905125448419
3159,15,12,1.2307692307692308,2,89.47533333333332,438,0,0.0031086751153741148
4694,44,42,1.0465116279069768,0,86.47500000000001,487,0,0.0002455250238458404
4502,32,37,0.868421052631579,0,68.2240625,400,0,0.0011232367506955868
4057,1,17,0.1111111111111111,25,67.1,540,1,0.9815969273795592
3252,28,28,1.0,0,78.29821428571428,653,0,0.0013772890211393492
2979,37,32,1.1515151515151516,0,80.42,557,0,0.00034103151074357856
2248,27,21,1.2727272727272727,0,76.57481481481481,653,0,0.0006491335811726175
4044,9,28,0.3448275862068966,5,69.24444444444445,576,1,0.15085881329387785
1224,9,14,0.6666666666666666,0,105.32444444444445,574,0,0.023587220877343437
4340,29,31,0.9375,0,104.70931034482757,684,0,0.001879148364885912
2611,20,18,1.105263157894737,1,84.80699999999999,421,0,0.002199431527652836
2311,24,31,0.78125,0,104.37791666666668,679,0,0.004833641686745955
4941,52,47,1.1041666666666667,0,69.13307692307693,566,0,9.33333290301011e-05
192,17,19,0.9,4,84.84411764705882,517,0,0.011523956850226239
1545,30,35,0.8611111111111112,0,68.84133333333332,522,0,0.001492583278058353
2796,41,39,1.05,3,76.49000000000001,438,0,0.0005789148609830103
1440,22,22,1.0,0,112.75181818181818,466,0,0.002478657611717464
3913,17,16,1.0588235294117647,2,101.01176470588236,534,0,0.005032166432542306
4799,35,36,0.972972972972973,0,73.92857142857143,533,0,0.0006820442554282786
2119,17,14,1.2,0,64.53411764705882,489,0,0.0015972502836590502
3228,13,27,0.5,0,66.56307692307692,478,0,0.021877082785200508
1732,43,46,0.9361702127659575,0,55.91302325581395,490,0,0.0003216210304194857
1935,31,35,0.8888888888888888,0,76.22645161290322,650,0,0.001472128880650108
1991,20,22,0.9130434782608695,0,104.72649999999999,568,0,0.004040312638937013
3332,21,25,0.8461538461538461,3,97.12761904761905,625,0,0.009006778793906493
3782,44,43,1.0227272727272727,0,121.47272727272728,668,0,0.0003965969031484895
1600,44,36,1.2162162162162162,0,74.63340909090908,609,0,0.00014802057626582524
287,45,41,1.0952380952380953,1,121.12088888888889,528,0,0.0003098148142084319
4401,12,19,0.65,1,95.56,664,0,0.02447776782010282
4292,34,16,2.0588235294117645,1,89.19470588235293,552,0,4.228184483876183e-05
2864,31,46,0.6808510638297872,1,82.92612903225806,673,0,0.0039879959352868335
880,18,18,1.0,1,70.58722222222222,674,0,0.004205535302161644
3041,22,23,0.9583333333333334,0,65.58318181818181,612,0,0.0023978741200088288
787,22,15,1.4375,0,84.76045454545455,494,0,0.0005615425402885017
3527,2,7,0.375,18,94.045,672,1,0.8629776497790499
2967,3,11,0.3333333333333333,20,27.24,631,1,0.8676828100569295
3043,19,35,0.5555555555555556,2,84.61105263157896,541,0,0.019420386991570532
823,16,31,0.53125,5,81.68062499999999,504,0,0.05003825505527271
334,17,11,1.5,3,118.45823529411764,561,0,0.001983724151147457
680,24,23,1.0416666666666667,2,88.06875000000001,482,0,0.0024772675354913926
2767,20,29,0.7,2,65.9905,401,0,0.009051739316152382
4157,44,33,1.3235294117647058,1,88.68522727272727,609,0,0.00014608311353471608
321,23,27,0.8571428571428571,5,98.47217391304348,667,0,0.011982045958534101
3901,33,40,0.8292682926829268,2,67.12363636363636,414,0,0.001848120861359676
1306,18,13,1.3571428571428572,2,91.38555555555556,623,0,0.001954452430003512
3205,23,29,0.8,0,95.96695652173912,496,0,0.003972154575991096
555,31,39,0.8,2,93.72516129032257,548,0,0.003127797398234857
177,29,39,0.75,0,106.07896551724137,651,0,0.0033668964836945352
4150,23,15,1.5,1,83.98913043478261,601,0,0.0005978778411256596
1960,29,34,0.8571428571428571,0,82.0251724137931,448,0,0.0017065174148674794
2156,51,29,1.7333333333333334,0,107.50862745098038,567,0,1.9207708159131244e-05
1617,13,12,1.0769230769230769,3,62.27461538461538,547,0,0.006848238693488285
1946,17,27,0.6428571428571429,1,64.28941176470589,652,0,0.01338561598878002
1480,27,30,0.9032258064516129,4,62.97296296296296,654,0,0.0045727615790293295
1766,32,19,1.65,0,68.615,548,0,0.0001119196793976867
2520,21,17,1.2222222222222223,9,91.02142857142857,567,0,0.010134407563697132
3807,17,31,0.5625,1,89.19,653,0,0.020334097343153192
946,45,39,1.15,0,74.75222222222222,407,0,0.00014110801835284467
4169,38,43,0.8863636363636364,0,100.32526315789474,497,0,0.0007927326051400509
4785,21,26,0.8148148148148148,0,70.22,592,0,0.004187762946994503
2588,29,31,0.9375,3,72.41172413793103,408,0,0.0023949478763122443
4455,20,20,1.0,0,117.96700000000001,679,0,0.003792567358556249
3731,19,24,0.8,0,84.11526315789474,442,0,0.005126929076086945
1904,18,14,1.2666666666666666,0,78.40777777777777,600,0,0.0014514877752074653
1344,32,40,0.8048780487804879,0,85.2378125,643,0,0.0018656213925307957
3586,33,31,1.0625,0,100.55484848484848,564,0,0.0007464241101447243
1425,37,30,1.2258064516129032,1,74.42405405405405,455,0,0.0003007005458876943
1572,22,22,1.0,0,86.40181818181817,479,0,0.0021265139593425477
2724,7,11,0.6666666666666666,0,107.79714285714284,462,0,0.026466272197744434
2440,30,38,0.7948717948717948,3,77.72666666666667,591,0,0.004097602748725368
1765,4,16,0.29411764705882354,5,78.4225,419,0,0.23027581761088464
3553,12,36,0.35135135135135137,7,51.06833333333333,486,0,0.15421107578727541
3598,28,22,1.2608695652173914,2,73.62928571428571,614,0,0.0009000380591388307
721,14,27,0.5357142857142857,4,55.21357142857143,420,0,0.03896523642055388
4815,1,9,0.2,29,51.05,610,1,0.9894338084979376
367,28,36,0.7837837837837838,0,96.63892857142858,605,0,0.002949581689122611
4163,27,40,0.6829268292682927,0,142.00074074074075,639,0,0.0062145257049619484
2888,35,50,0.7058823529411765,1,102.64685714285714,655,0,0.0028463746362676536
989,47,44,1.0666666666666667,1,102.51978723404255,463,0,0.000239198435642276
566,22,26,0.8518518518518519,0,98.70045454545453,631,0,0.004204515001405066
1065,17,33,0.5294117647058824,1,84.03235294117647,583,0,0.020768455687715345
711,38,26,1.4444444444444444,0,77.66605263157895,543,0,0.00012274731850108982
593,27,24,1.12,5,70.6262962962963,406,0,0.002509895788626817
1718,25,27,0.9285714285714286,2,132.2512,576,0,0.004591358517351923
3330,25,22,1.1304347826086956,1,82.9768,515,0,0.0013561214629304325
1720,2,3,0.75,23,34.38,673,1,0.8109104992827744
841,29,40,0.7317073170731707,0,71.10241379310344,503,0,0.0025318825586515743
726,26,39,0.675,0,101.57000000000001,483,0,0.004762882919910761
2363,33,27,1.2142857142857142,4,113.31363636363636,664,0,0.0014031987997158905
387,30,27,1.1071428571428572,0,74.357,450,0,0.0006608347325879686
3592,28,34,0.8285714285714286,0,96.02321428571429,404,0,0.0021851668695375497
3058,24,27,0.8928571428571429,0,90.39333333333333,583,0,0.0027849295734248838
4653,38,42,0.9069767441860465,3,77.44105263157896,637,0,0.0014356436969967066
2379,3,11,0.3333333333333333,24,151.79,503,1,0.9655468469971269
1267,3,15,0.25,19,57.42666666666667,588,1,0.8875263677761603
4153,13,23,0.5833333333333334,3,125.86923076923077,407,0,0.043111862959996715
928,43,50,0.8627450980392157,0,77.27,574,0,0.0005054168001149048
2769,15,15,1.0,1,65.34933333333332,412,0,0.004276308986369398
143,17,25,0.6923076923076923,10,54.61941176470588,577,0,0.07150371907882362
4644,15,21,0.7272727272727273,7,82.42133333333332,692,0,0.05179512585922236
3265,26,34,0.7714285714285715,0,112.30576923076923,507,0,0.0037171086938355626
1811,19,25,0.7692307692307693,1,86.49631578947368,504,0,0.007473321964311246
4625,16,18,0.8947368421052632,1,80.636875,584,0,0.006734405850156983
629,29,38,0.7692307692307693,1,112.98034482758621,590,0,0.0038657433225936775
2322,9,17,0.5555555555555556,2,71.69777777777777,598,0,0.043364975076587244
3008,35,30,1.1612903225806452,0,100.51657142857142,511,0,0.00043367163946404444
216,40,36,1.1081081081081081,0,86.75275,676,0,0.0003527745259222328
1872,38,43,0.8863636363636364,0,79.71236842105263,518,0,0.0007087981028931545
1315,16,17,0.9444444444444444,1,56.811875,610,0,0.0051173702724577235
1716,19,19,1.0,5,46.51631578947368,506,0,0.006925361559257571
4065,27,29,0.9333333333333333,2,87.89407407407407,596,0,0.0029151893442912967
3045,23,36,0.6486486486486487,0,92.66695652173914,435,0,0.006271713958541786
1275,20,30,0.6774193548387096,2,131.546,486,0,0.015001335969007192
2242,31,32,0.9696969696969697,0,84.66806451612904,564,0,0.0010911831204187775
4856,32,45,0.717391304347826,0,96.10375,446,0,0.0022873042368636086
4845,23,31,0.75,2,81.07434782608696,470,0,0.006622365635036899
895,48,38,1.2564102564102564,0,78.37854166666666,516,0,8.413524681471162e-05
2626,24,27,0.8928571428571429,3,94.78875,406,0,0.004989812604139551
4586,31,34,0.9142857142857143,2,95.82903225806453,635,0,0.00235975047414857
2651,16,30,0.5483870967741935,6,89.990625,436,0,0.05943261828776819
1995,31,46,0.6808510638297872,1,78.7683870967742,699,0,0.004011492459675685
952,1,11,0.16666666666666666,18,33.15,515,1,0.8785323753608035
630,18,20,0.9047619047619048,1,126.51055555555556,478,0,0.006624200276448497
4420,40,45,0.8913043478260869,0,140.64749999999998,483,0,0.0008292557043988307
917,26,33,0.7941176470588235,0,128.6903846153846,464,0,0.0036985607857980807
2573,18,15,1.1875,0,60.992777777777775,582,0,0.0016140756994772881
2540,23,15,1.5,2,91.7995652173913,613,0,0.0008014582646185889
324,23,12,1.8461538461538463,0,124.4795652173913,407,0,0.00018929262780389682
1705,24,26,0.9259259259259259,1,65.41791666666667,442,0,0.002422560420521794
2308,37,29,1.2666666666666666,0,137.05783783783784,607,0,0.00036283708598178877
1943,13,20,0.6666666666666666,0,176.65692307692308,690,0,0.02862785242800182
271,31,35,0.8888888888888888,0,65.81193548387097,693,0,0.00145432173642
1723,9,18,0.5263157894736842,3,108.04,480,0,0.06693856435882041
3276,21,24,0.88,2,78.04095238095238,678,0,0.006101808885349155
2150,16,8,1.8888888888888888,0,95.103125,601,0,0.00033503600936531005
4231,21,21,1.0,2,63.27571428571429,421,0,0.0030754636170698645
3200,40,36,1.1081081081081081,0,84.0825,423,0,0.00027401237120688453
2016,31,39,0.8,0,88.77322580645162,575,0,0.0019779035795270956
3853,17,25,0.6923076923076923,6,51.021764705882354,594,0,0.02996175973852933
804,31,29,1.0666666666666667,1,71.15612903225806,478,0,0.0008604927528843249
4526,35,41,0.8571428571428571,0,74.43657142857144,694,0,0.0011891591107473167
1064,26,18,1.4210526315789473,2,114.5776923076923,474,0,0.0007652933353600039
1609,6,9,0.7,2,66.05499999999999,662,0,0.03654751157331691
4672,34,22,1.5217391304347827,1,76.35058823529413,636,0,0.000197537511437262
4002,42,36,1.162162162162162,0,92.82928571428572,689,0,0.00026175799864608536
3794,8,11,0.75,0,125.00375,432,0,0.02029728928885787
503,24,29,0.8333333333333334,0,88.73166666666667,439,0,0.0030056295691063112
4737,38,17,2.1666666666666665,0,88.82184210526316,590,0,1.7789103792987485e-05
3891,54,38,1.4102564102564104,0,81.6375925925926,422,0,2.8359077792794322e-05
1127,16,10,1.5454545454545454,2,110.5825,508,0,0.0013677820711913823
1658,16,23,0.7083333333333334,2,108.20875,448,0,0.016373844803776946
4678,10,18,0.5789473684210527,5,97.67,503,0,0.07620195221635297
1693,24,19,1.25,1,61.21416666666667,581,0,0.000959013960276494
162,28,17,1.6111111111111112,0,100.37,577,0,0.00023307675835999194
3991,9,9,1.0,1,121.41444444444444,473,0,0.010767373302770528
3906,21,22,0.9565217391304348,3,66.8742857142857,485,0,0.0047019395158199315
3237,32,37,0.868421052631579,1,81.1615625,401,0,0.0015268543317610553
4506,41,40,1.024390243902439,0,85.61585365853658,613,0,0.00038727394232505614
448,10,14,0.7333333333333333,5,104.357,543,0,0.050718618495523754
3730,31,30,1.032258064516129,1,79.06645161290322,483,0,0.0010124734100227808
4499,51,46,1.1063829787234043,0,86.07352941176471,596,0,0.00011663059212994383
3078,33,35,0.9444444444444444,1,96.78727272727272,638,0,0.0014391575959690995
3144,19,19,1.0,0,61.85421052631579,470,0,0.00239488553946126
3437,20,14,1.4,3,81.266,502,0,0.0014809619694040198
2081,40,30,1.3225806451612903,1,83.39275,672,0,0.00022228739941984935
294,14,9,1.5,3,67.39714285714285,536,0,0.0018356733173273937
906,35,31,1.125,1,79.03942857142857,576,0,0.000565110081304332
4787,17,48,0.3673469387755102,5,88.19529411764705,696,0,0.09821992665457956
3140,30,46,0.6595744680851063,1,104.23133333333334,552,0,0.004740994068999832
3738,37,69,0.5428571428571428,0,70.04351351351352,499,0,0.002510242081311186
1816,32,27,1.1785714285714286,0,76.4378125,629,0,0.0005250422918254932
417,21,9,2.2,0,134.53285714285715,663,0,0.0001280437275414672
2730,41,41,1.0,0,92.81073170731707,411,0,0.0003732318318832679
4900,38,30,1.2580645161290323,1,69.31973684210527,596,0,0.00027170497905006584
3872,39,46,0.851063829787234,1,94.04512820512821,440,0,0.0009508844553793653
3190,19,20,0.9523809523809523,0,95.33105263157894,699,0,0.004281887907313227
1007,28,31,0.90625,0,108.64999999999999,548,0,0.0020127130315813406
3830,14,23,0.625,8,79.89571428571428,430,0,0.07879593893010288
1251,42,38,1.1025641025641026,0,105.58428571428571,576,0,0.0003001449670982011
826,29,27,1.0714285714285714,0,121.34827586206896,495,0,0.0011244860176021624
3460,5,11,0.5,6,140.172,575,0,0.21632656039679046
1421,11,13,0.8571428571428571,1,80.20545454545454,401,0,0.01050553551204065
4066,50,42,1.186046511627907,0,95.5702,443,0,9.2442124677727e-05
4353,13,21,0.6363636363636364,2,98.85846153846154,575,0,0.02748400326966477
4453,37,36,1.027027027027027,0,92.49405405405405,488,0,0.0005162716752703091
4432,29,38,0.7692307692307693,2,90.27034482758621,430,0,0.0037630720460455048
3839,32,26,1.2222222222222223,3,84.9365625,414,0,0.0007981904435899082
3321,11,9,1.2,1,77.85818181818182,651,0,0.004497933278585929
3836,45,36,1.2432432432432432,1,100.13044444444444,641,0,0.00019038229397353576
4366,42,55,0.7678571428571429,1,91.40619047619047,650,0,0.0011414760645892866
2417,10,11,0.9166666666666666,5,53.455,621,0,0.023027414015344635
3695,23,17,1.3333333333333333,0,70.42739130434782,507,0,0.0006435382890401017
1585,45,45,1.0,0,88.90666666666667,604,0,0.0002941907318524997
874,47,39,1.2,0,80.13765957446807,490,0,0.0001092618179892219
2473,14,16,0.8823529411764706,2,89.29714285714286,637,0,0.01162685133690758
4396,33,36,0.918918918918919,0,69.9339393939394,611,0,0.0010252898586913036
3152,25,34,0.7428571428571429,0,80.2568,640,0,0.004143472364084675
292,37,30,1.2258064516129032,0,91.11297297297297,413,0,0.0002584100170841079
4639,18,37,0.5,0,79.92055555555555,424,0,0.015097140051073451
883,40,42,0.9534883720930233,0,86.7715,653,0,0.0005639781504159356
335,44,34,1.2857142857142858,2,80.80295454545454,457,0,0.0001712901751362206
2235,41,38,1.0769230769230769,0,76.28170731707317,462,0,0.0002698384276553044
2284,27,44,0.6222222222222222,0,90.67296296296297,495,0,0.004963663082371945
3857,20,20,1.0,2,85.9105,694,0,0.004939211811108922
1738,23,19,1.2,0,109.94826086956522,699,0,0.0015433366273969592
3319,10,12,0.8461538461538461,1,41.808,689,0,0.011855061900786177
3644,21,26,0.8148148148148148,1,97.46142857142857,412,0,0.005455479188974624
2226,11,11,1.0,2,63.42181818181818,436,0,0.007735686763587456
3729,41,40,1.024390243902439,0,102.83975609756098,508,0,0.00039135321522708197
1712,6,11,0.5833333333333334,7,75.33833333333332,436,0,0.13247861820934886
4904,18,18,1.0,2,75.50055555555555,643,0,0.005223003559363683
2772,29,33,0.8823529411764706,1,72.65965517241379,638,0,0.0021753570747422364
3632,44,47,0.9375,0,94.99840909090909,688,0,0.00045492205371466273
4279,32,19,1.65,1,115.09125,446,0,0.0001736657443315529
30,31,25,1.2307692307692308,0,71.79935483870968,564,0,0.00044370414915877415
3864,11,15,0.75,2,50.49,510,0,0.016421133716780615
27,19,12,1.5384615384615385,2,71.23473684210526,453,0,0.0007747502962084929
2547,15,20,0.7619047619047619,0,98.54666666666665,524,0,0.009517606349902319
288,28,26,1.0740740740740742,2,60.945,537,0,0.0013656132522879545
3973,28,21,1.3181818181818181,1,94.03107142857142,622,0,0.0006961111403008509
936,4,22,0.21739130434782608,19,72.155,652,1,0.9087764171161977
1554,42,37,1.131578947368421,0,94.545,562,0,0.0002515660807732941
3819,38,45,0.8478260869565217,1,64.93236842105263,432,0,0.0008759074614572253
4071,32,33,0.9705882352941176,0,94.8990625,465,0,0.0009781336741803307
2185,6,15,0.4375,2,136.21166666666667,613,1,0.1133889703167919
1058,30,36,0.8378378378378378,1,81.59566666666666,572,0,0.002277808735675913
4334,19,12,1.5384615384615385,1,51.25526315789474,424,0,0.0005284701145199135
4546,24,27,0.8928571428571429,0,93.16666666666667,522,0,0.0026861554627924896
1708,26,23,1.125,0,88.98115384615386,626,0,0.0011639677193883474
2890,33,32,1.0303030303030303,0,79.75575757575757,655,0,0.0008005730664799663
2733,40,37,1.0789473684210527,0,99.2135,635,0,0.00039819866026499914
1054,13,23,0.5833333333333334,2,68.47769230769231,677,0,0.029901070673101226
4859,31,23,1.3333333333333333,0,92.6116129032258,472,0,0.00034092864925337334
1677,40,53,0.7592592592592593,0,81.88925,574,0,0.0009774970533510115
3870,23,29,0.8,5,107.21173913043478,686,0,0.015476643509196844
3948,27,39,0.7,2,88.76851851851852,409,0,0.005593411312767404
1986,11,21,0.5454545454545454,0,64.7390909090909,451,0,0.021717647830384577
1962,3,22,0.17391304347826086,18,33.56,657,1,0.8873488355026954
2048,26,21,1.2272727272727273,0,85.56038461538462,474,0,0.0007182955372755968
1685,43,43,1.0,2,101.77813953488372,543,0,0.0005702038948896159
3507,37,39,0.95,0,85.26783783783783,456,0,0.0006214962939790355
4579,27,24,1.12,0,99.41962962962963,612,0,0.001132608487258837
3631,46,48,0.9591836734693877,0,120.15978260869566,536,0,0.0003514934645938543
658,25,21,1.1818181818181819,0,65.5612,678,0,0.0009901273042066982
2053,16,27,0.6071428571428571,2,38.37375,415,0,0.015120191508333478
1843,4,19,0.25,3,152.255,446,1,0.25790179268370367
1798,17,12,1.3846153846153846,2,103.32411764705883,556,0,0.001982030396108428
3971,18,13,1.3571428571428572,3,70.49,421,0,0.0017770739481707944
1813,41,50,0.8235294117647058,2,69.1760975609756,551,0,0.0010156732305040845
58,36,32,1.121212121212121,2,102.78972222222222,476,0,0.0007006175155248295
3531,13,8,1.5555555555555556,3,109.71230769230769,678,0,0.0027164596029370536
1341,8,17,0.5,5,123.20249999999999,658,0,0.14212033875353922
4249,21,24,0.88,0,102.88571428571429,586,0,0.00412122082013874
2373,8,15,0.5625,0,76.50625,580,0,0.03044227349637174
4802,20,19,1.05,0,101.716,633,0,0.00277873111306263
2775,9,12,0.7692307692307693,0,88.80666666666667,609,0,0.016027088718654353
2018,38,35,1.0833333333333333,0,77.97894736842105,484,0,0.00035750008553398226
4663,25,39,0.65,0,93.9356,586,0,0.005861649774742512
134,20,23,0.875,1,75.5935,461,0,0.004416117391470113
4839,13,12,1.0769230769230769,1,76.99846153846154,420,0,0.004354935369751029
1214,18,14,1.2666666666666666,0,80.92444444444445,677,0,0.0016292771055546166
715,12,27,0.4642857142857143,3,83.32000000000001,460,0,0.05571124241195132
4633,42,39,1.075,0,76.93619047619048,647,0,0.0002952572985501499
1773,24,26,0.9259259259259259,1,84.94416666666667,581,0,0.003027909401519755
926,15,38,0.41025641025641024,0,114.588,537,0,0.03462891878869797
1802,29,27,1.0714285714285714,1,84.53275862068966,563,0,0.0011877153501913575
2936,10,22,0.4782608695652174,1,103.13199999999999,469,0,0.0457129027508971
4302,37,21,1.7272727272727273,0,84.16,659,0,7.124535089783156e-05
1674,14,9,1.5,0,81.12714285714286,484,0,0.0009599409790318174
2254,19,7,2.5,0,115.39368421052632,611,0,5.6593693112320154e-05
1029,42,43,0.9772727272727273,0,86.6054761904762,599,0,0.0004088228026423472
4873,35,23,1.5,1,73.59200000000001,523,0,0.00016560091460680087
4706,21,17,1.2222222222222223,1,79.6647619047619,558,0,0.0015127416288755536
2458,33,36,0.918918918918919,0,75.25454545454545,557,0,0.0010057172199175143
4437,41,36,1.135135135135135,1,79.41951219512195,415,0,0.0002787975997974753
4553,46,37,1.236842105263158,0,87.83130434782608,533,0,0.00011619016844184229
61,24,27,0.8928571428571429,1,98.55583333333334,476,0,0.0033678897355947195
3724,40,51,0.7884615384615384,1,66.46825,697,0,0.0011476737543210038
3022,33,33,1.0,0,82.89909090909092,583,0,0.0008305039201766214
2552,26,45,0.5869565217391305,0,82.01307692307692,634,0,0.006558893655555692
956,47,51,0.9230769230769231,0,84.42659574468085,579,0,0.0003008631502992004
3364,28,24,1.16,1,86.47571428571429,651,0,0.0011046037222946056
3388,22,41,0.5476190476190477,0,76.44136363636363,613,0,0.010068165467284477
1308,10,10,1.0,1,78.386,575,0,0.008220006244874921
443,6,21,0.3181818181818182,16,82.09833333333334,553,1,0.746865396134838
4240,8,9,0.9,12,84.16,599,0,0.1468124880270236
269,24,19,1.25,0,84.31291666666667,522,0,0.0008342820724588896
3816,23,22,1.0434782608695652,0,69.10043478260869,564,0,0.0016319533780334752
4840,11,13,0.8571428571428571,1,158.88090909090909,471,0,0.017429275614811158
1947,21,24,0.88,5,72.50238095238095,424,0,0.009454135400295424
2934,45,51,0.8846153846153846,0,91.31400000000001,457,0,0.00038977188058487625
1691,35,39,0.9,0,101.37942857142858,433,0,0.0009589635696690156
4410,27,20,1.3333333333333333,1,87.38999999999999,663,0,0.0007381293164989122
3424,28,19,1.45,0,73.20071428571428,516,0,0.0002920521429197132
2942,37,28,1.3103448275862069,0,79.06243243243243,471,0,0.00019157444048264997
3269,34,35,0.9722222222222222,0,75.68882352941176,405,0,0.0006950337776633358
1874,31,29,1.0666666666666667,0,69.20838709677419,577,0,0.0007364699097686863
592,35,24,1.44,2,104.87599999999999,628,0,0.0003420535462696375
120,8,22,0.391304347826087,6,84.925,568,0,0.18151188948199917
4375,26,24,1.08,0,53.39269230769231,524,0,0.0009665557439069195
2499,15,17,0.8888888888888888,4,87.65866666666668,421,0,0.013736214158698795
2975,15,14,1.0666666666666667,0,77.074,559,0,0.00331613329283246
2703,36,45,0.8043478260869565,0,145.9675,448,0,0.001610823388663467
214,29,32,0.9090909090909091,0,70.37206896551724,478,0,0.001363757244104237
1037,25,18,1.368421052631579,0,75.5092,695,0,0.0006224334068680296
4611,17,15,1.125,3,100.46470588235294,602,0,0.005494507813374538
4219,8,17,0.5,3,44.9225,651,0,0.06208457887256139
536,36,28,1.2758620689655173,0,117.52500000000002,563,0,0.0003251572237019545
4194,46,45,1.0217391304347827,0,83.86652173913043,530,0,0.0002256973240697775
2517,17,27,0.6428571428571429,0,71.77764705882353,542,0,0.010208588405478428
2543,35,29,1.2,0,115.41457142857142,585,0,0.0004541897142297975
4697,31,44,0.7111111111111111,0,118.92193548387097,673,0,0.003585449837010902
4141,20,12,1.6153846153846154,2,82.805,442,0,0.0006029928855338868
3344,14,20,0.7142857142857143,0,117.61071428571428,538,0,0.013710942120851303
539,41,31,1.3125,3,93.94,693,0,0.0003614397848285496
493,25,22,1.1304347826086956,2,70.89,519,0,0.0015835178592597018
3103,29,29,1.0,0,103.62689655172413,568,0,0.0013433396307837642
1147,11,8,1.3333333333333333,2,86.97090909090909,469,0,0.0033454874527964994
4345,16,28,0.5862068965517241,0,61.288125,549,0,0.012753727157648456
1024,18,21,0.8636363636363636,0,57.75444444444444,453,0,0.0039218369844580435
857,40,36,1.1081081081081081,0,79.76975,682,0,0.0003400627965828446
2872,6,6,1.0,7,90.53500000000001,454,0,0.043949251654462174
63,14,9,1.5,3,90.87071428571429,409,0,0.001915973841413041
2624,49,45,1.0869565217391304,2,91.47387755102041,423,0,0.00021360166582905734
1514,11,19,0.6,2,85.93545454545455,625,0,0.035328072301076104
4935,11,19,0.6,2,77.49909090909091,521,0,0.03123317168555471
4322,37,49,0.76,0,133.86324324324323,561,0,0.0017363688671150422
1825,22,20,1.0952380952380953,3,75.96863636363636,429,0,0.002836702405544964
583,20,25,0.8076923076923077,3,86.315,684,0,0.011086997354528757
1274,16,9,1.7,0,57.503750000000004,471,0,0.00037857761266599216
3965,43,40,1.0731707317073171,1,79.24627906976744,444,0,0.0002879953611216875
18,16,22,0.7391304347826086,0,52.01625,448,0,0.006813991438622176
3278,20,28,0.7241379310344828,2,105.55199999999999,402,0,0.010539349799769946
99,15,16,0.9411764705882353,2,77.32266666666666,658,0,0.0084431043969035
32,27,35,0.7777777777777778,3,82.1962962962963,672,0,0.006318116482366214
568,26,30,0.8709677419354839,2,105.14961538461537,507,0,0.004027761248418359
794,13,26,0.5185185185185185,3,81.66461538461537,570,0,0.04520217761701075
604,32,25,1.2692307692307692,0,83.3078125,452,0,0.0003506506678313711
2258,3,14,0.26666666666666666,19,120.12666666666667,699,1,0.9264231613983145
1717,20,32,0.6363636363636364,0,112.71199999999999,586,0,0.01061197791318007
1523,10,8,1.2222222222222223,4,51.714999999999996,654,0,0.007697276605936508
1610,1,10,0.18181818181818182,22,18.34,467,1,0.9319094326249652
4778,43,57,0.7586206896551724,0,94.56302325581396,668,0,0.0008990693619296561
2042,32,48,0.673469387755102,1,72.95125,476,0,0.002967278808035869
1761,28,35,0.8055555555555556,0,99.48964285714285,577,0,0.0027170572013799597
3570,25,31,0.8125,1,86.4468,460,0,0.0036841684099965834
3492,35,33,1.0588235294117647,2,92.70828571428571,588,0,0.0009641198855130416
827,37,23,1.5833333333333333,0,90.58945945945946,430,0,8.781019196945002e-05
4094,9,17,0.5555555555555556,4,68.61111111111111,412,0,0.059212618874081545
1423,21,14,1.4666666666666666,0,99.91952380952381,497,0,0.0006261840658539447
597,26,28,0.9310344827586207,0,86.95538461538462,466,0,0.0018308816830961614
4544,7,11,0.6666666666666666,6,59.99,566,0,0.07748774830765687
3116,26,24,1.08,0,104.66153846153847,511,0,0.0013154960629067122
2468,17,21,0.8181818181818182,0,81.09882352941177,691,0,0.007049548270939096
748,24,21,1.1363636363636365,0,67.67041666666667,606,0,0.0011561741872891473
72,26,30,0.8709677419354839,0,75.86076923076922,561,0,0.0022361943212842014
2686,23,40,0.5853658536585366,3,104.67260869565219,626,0,0.018794529743587914
3421,30,33,0.9117647058823529,1,117.90966666666667,463,0,0.0020562212930658654
1225,14,18,0.7894736842105263,1,53.787142857142854,409,0,0.008577939572564761
975,23,29,0.8,2,100.28826086956522,632,0,0.007176743611267383
1203,16,16,1.0,0,56.92625,471,0,0.0030627247605250056
2166,20,32,0.6363636363636364,2,62.8815,605,0,0.012487061771237559
3291,36,26,1.3703703703703705,0,88.45666666666666,560,0,0.00020182460267907732
3261,17,11,1.5,0,181.96882352941176,556,0,0.0015082598119427885
3440,24,28,0.8620689655172413,0,66.81583333333333,415,0,0.002366837546061646
687,40,49,0.82,0,109.09925000000001,521,0,0.0008933624639790692
3210,35,38,0.9230769230769231,1,91.73714285714286,411,0,0.00103932099725452
4834,31,44,0.7111111111111111,0,57.61645161290322,406,0,0.0019892423984781854
3117,47,43,1.0909090909090908,0,91.92489361702128,507,0,0.000169533740997678
226,36,33,1.088235294117647,1,87.68916666666667,457,0,0.0005546951499643469
969,25,19,1.3,0,84.60959999999999,689,0,0.0007990360863279387
4247,19,34,0.5714285714285714,0,84.15526315789474,642,0,0.012846568030860693
2032,40,37,1.0789473684210527,0,102.742,672,0,0.00042622122975605436
2580,1,7,0.25,20,52.47,584,1,0.9144232445069612
1028,28,22,1.2608695652173914,0,62.464285714285715,530,0,0.0004879399922461886
2264,33,34,0.9714285714285714,0,82.05333333333333,668,0,0.0009955970703131348
4116,37,42,0.8837209302325582,0,109.56297297297297,694,0,0.0011331959660528118
2926,33,32,1.0303030303030303,2,101.7109090909091,515,0,0.0012581498752796737
3722,26,31,0.84375,0,84.55230769230769,474,0,0.002413775997542529
3537,29,41,0.7142857142857143,0,90.10758620689654,660,0,0.003483629564314116
3400,19,17,1.1111111111111112,5,69.80842105263157,455,0,0.005489806963939067
2217,27,22,1.2173913043478262,3,70.40481481481481,400,0,0.0011637338381092403
2297,8,12,0.6923076923076923,3,77.08749999999999,552,0,0.038089437320905424
2106,34,29,1.1666666666666667,0,81.4929411764706,470,0,0.00040144364756149604
3251,12,8,1.4444444444444444,5,87.10666666666667,475,0,0.004411420492492464
2663,39,43,0.9090909090909091,0,92.60333333333332,551,0,0.000667959017420091
1452,15,14,1.0666666666666667,0,96.57,684,0,0.004320990200827443
4448,31,27,1.1428571428571428,3,60.84096774193548,534,0,0.0010454454924692872
1278,24,25,0.9615384615384616,0,73.97083333333333,697,0,0.002304796285592431
4959,14,24,0.6,0,96.28142857142858,416,0,0.016452048380543417
65,35,39,0.9,1,118.45457142857143,602,0,0.0015304824817130014
1163,42,45,0.9347826086956522,0,78.0104761904762,540,0,0.00042208706613721184
53,28,17,1.6111111111111112,2,79.39392857142856,559,0,0.00031417090131236
1915,38,41,0.9285714285714286,0,96.22131578947368,544,0,0.0006967626625680941
55,14,17,0.8333333333333334,1,96.75714285714285,686,0,0.011981202436324544
4670,27,19,1.4,0,67.52481481481482,671,0,0.00043122914347305433
982,9,23,0.4166666666666667,0,105.41000000000001,535,0,0.05147942846511391
4171,3,13,0.2857142857142857,17,57.870000000000005,620,1,0.8243303695649651
4956,13,14,0.9333333333333333,2,122.57615384615384,651,0,0.013573011110512451
998,30,22,1.3478260869565217,0,167.26666666666668,411,0,0.0005550975620387774
3799,25,23,1.0833333333333333,1,71.83800000000001,683,0,0.0017480520156073081
172,39,42,0.9302325581395349,0,68.6402564102564,468,0,0.0005032172751955947
1459,15,12,1.2307692307692308,1,94.96733333333333,545,0,0.0027997960026838772
181,33,26,1.2592592592592593,0,88.49454545454546,654,0,0.0004169851665770491
4874,22,31,0.71875,3,79.72500000000001,642,0,0.01137987657322216
2142,33,36,0.918918918918919,0,97.01272727272728,411,0,0.001038259967448197
1097,43,32,1.3333333333333333,1,166.30488372093023,473,0,0.00022767660956578699
3848,34,41,0.8333333333333334,0,86.34029411764706,477,0,0.0012308769430745164
1253,13,15,0.875,1,68.2523076923077,461,0,0.007959702426023932
3393,5,13,0.42857142857142855,4,55.864,643,0,0.12464599682153277
4286,26,23,1.125,2,85.04923076923077,485,0,0.001563224243304846
3107,31,30,1.032258064516129,1,124.31129032258065,589,0,0.0014743907942403303
4885,32,26,1.2222222222222223,1,93.1271875,639,0,0.0006486079849557711
248,14,10,1.3636363636363635,3,106.33285714285715,463,0,0.0032791700639658744
3967,34,46,0.7446808510638298,1,86.45029411764706,627,0,0.002377875492771194
1692,12,21,0.5909090909090909,5,92.25416666666666,502,0,0.06060209441823745
4245,21,39,0.55,0,63.85142857142858,616,0,0.010113209553703107
3025,11,10,1.0909090909090908,4,59.93636363636363,511,0,0.009455419077559176
1338,29,25,1.1538461538461537,1,87.38793103448276,467,0,0.000863583662815277
4347,29,36,0.8108108108108109,1,71.2655172413793,654,0,0.0027778083225931407
971,36,46,0.7872340425531915,1,85.69944444444444,574,0,0.0016232917220217918
2816,14,29,0.5,0,97.79142857142858,497,0,0.024238998188089302
2469,20,14,1.4,2,73.0625,635,0,0.0012911012794072814
2384,29,29,1.0,0,79.27655172413793,644,0,0.0012509987654566318
235,22,18,1.2105263157894737,1,102.64636363636363,484,0,0.0015458533423022439
4048,19,39,0.5,0,124.65578947368421,599,0,0.020165114437807993
4942,26,28,0.9310344827586207,0,89.83038461538462,448,0,0.0018423735320208003
1596,23,22,1.0434782608695652,0,60.70434782608696,502,0,0.001469114500258836
1855,21,20,1.0476190476190477,0,91.66238095238096,444,0,0.0020235580917544855
4208,13,10,1.2727272727272727,0,75.30692307692308,632,0,0.0023201718912790226
2449,21,16,1.2941176470588236,1,96.18761904761905,648,0,0.0015066228463629441
4540,34,37,0.9210526315789473,1,84.29735294117647,520,0,0.0011730962169006647
1324,13,12,1.0769230769230769,3,130.98615384615385,440,0,0.009684988562208863
3793,29,31,0.9375,1,87.19655172413792,503,0,0.0017596356778452563
1314,9,14,0.6666666666666666,2,37.40888888888889,429,0,0.022841425608644165
1169,39,29,1.3333333333333333,1,100.0376923076923,424,0,0.00020663784830464424
500,16,21,0.7727272727272727,2,115.63437499999999,665,0,0.01653048228169699
785,53,46,1.148936170212766,0,71.69283018867925,523,0,7.196058968259001e-05
473,40,40,1.0,0,126.93900000000001,559,0,0.0005652129977350745
3636,10,10,1.0,6,48.886,537,0,0.020301805422915625
1139,13,8,1.5555555555555556,1,79.25923076923078,538,0,0.0011801855462450364
4087,12,21,0.5909090909090909,2,61.60916666666666,421,0,0.025771612012540218
3701,18,19,0.95,0,129.82333333333335,630,0,0.005375953811521494
3777,41,36,1.135135135135135,0,104.89512195121951,444,0,0.00026484111412143125
1124,44,41,1.0714285714285714,0,89.06977272727272,447,0,0.00022381039245924312
4886,29,31,0.9375,0,84.99310344827587,492,0,0.001372338764410501
3248,38,37,1.0263157894736843,0,81.5013157894737,657,0,0.0005193868227134085
2210,44,35,1.25,1,79.3965909090909,490,0,0.00015431222044962403
2679,24,26,0.9259259259259259,1,85.76166666666667,587,0,0.0030606526254485134
1393,25,26,0.9629629629629629,1,138.3448,477,0,0.0031453990627387757
2834,14,18,0.7894736842105263,2,113.61571428571428,583,0,0.01704826133401052
4028,29,31,0.9375,0,101.56275862068966,492,0,0.0015199543776110013
1541,8,10,0.8181818181818182,3,87.89625,627,0,0.0294105513871154
13,17,14,1.2,0,78.19470588235293,471,0,0.0017143243289962893
7,40,45,0.8913043478260869,0,86.9035,490,0,0.0005955777603931408
700,46,36,1.2702702702702702,0,97.73652173913044,543,0,0.00011260428622277409
1891,11,8,1.3333333333333333,1,108.46454545454547,626,0,0.0036028028551835563
4307,42,50,0.8431372549019608,0,77.11333333333334,460,0,0.0005411184909452975
4447,32,38,0.8461538461538461,0,98.77125,642,0,0.0017653725592033029
1316,25,18,1.368421052631579,0,53.86600000000001,487,0,0.0004247440693335186
4895,29,43,0.6818181818181818,0,78.96896551724137,578,0,0.003351872890358202
3180,24,31,0.78125,0,68.30666666666666,632,0,0.0036748414640997485
4206,46,50,0.9215686274509803,1,74.62108695652174,428,0,0.00034947066725436146
1286,42,41,1.0238095238095237,0,72.71380952380953,427,0,0.00028027783602715023
3832,23,17,1.3333333333333333,0,96.21217391304349,457,0,0.0007267580464738063
1294,37,27,1.3571428571428572,0,86.84540540540542,414,0,0.0001674672051607811
2574,27,32,0.8484848484848485,1,110.26592592592591,468,0,0.003174226721787176
2578,7,20,0.38095238095238093,15,56.01,409,1,0.5710328318463861
3935,22,24,0.92,1,128.3481818181818,445,0,0.004355566806060551
3649,30,17,1.7222222222222223,3,91.22833333333332,478,0,0.0002377049560465245
2874,20,24,0.84,1,79.3195,584,0,0.005540027635091041
4711,34,44,0.7777777777777778,2,71.03058823529412,461,0,0.002115403813273426
4309,23,31,0.75,0,83.08652173913043,519,0,0.004411485796085587
860,2,13,0.21428571428571427,25,97.91,409,1,0.9703110389835047
2283,20,24,0.84,2,84.709,463,0,0.006555772919720555
283,32,44,0.7333333333333333,0,83.3153125,552,0,0.0021557542266505245
2556,14,13,1.0714285714285714,0,100.40285714285714,460,0,0.0038123024568936076
4263,10,12,0.8461538461538461,4,60.55800000000001,473,0,0.02143129220147462
1174,35,24,1.44,0,107.68571428571428,697,0,0.00024315126708100203
2497,29,24,1.2,0,102.88655172413793,433,0,0.0006408072708216785
289,12,9,1.3,1,72.75500000000001,557,0,0.0026556606680396676
1669,38,27,1.3928571428571428,0,119.00184210526315,482,0,0.00017729387865119209
2591,33,31,1.0625,1,110.36272727272728,586,0,0.0010185389945302997
2997,19,22,0.8695652173913043,1,61.2442105263158,595,0,0.00499321298546544
1817,18,18,1.0,0,76.69055555555556,624,0,0.0032943664382827317
1786,32,37,0.868421052631579,1,83.7253125,640,0,0.001864591234605007
4151,16,24,0.68,1,90.57187499999999,540,0,0.013705945349480997
1972,44,54,0.8181818181818182,0,84.265,495,0,0.0005278822127827176
165,44,43,1.0227272727272727,2,104.88431818181817,455,0,0.00046207090950516045
2536,16,17,0.9444444444444444,0,104.82124999999999,602,0,0.005448025138148971
2405,34,37,0.9210526315789473,0,91.7,451,0,0.0009321892015989765
1551,35,38,0.9230769230769231,0,78.174,443,0,0.0007742223891976006
2695,38,33,1.1470588235294117,0,79.45710526315789,589,0,0.00032360598730867186
3244,23,18,1.263157894736842,2,82.3586956521739,481,0,0.0013247843634190545
833,14,27,0.5357142857142857,13,72.26357142857142,657,0,0.2824121868428782
2470,35,34,1.0285714285714285,0,67.38057142857143,432,0,0.0005085229810575984
4923,14,14,1.0,0,102.12071428571427,496,0,0.0049274012141300345
4757,23,39,0.6,3,82.58478260869565,659,0,0.016155231936078613
432,30,15,1.9375,0,75.46833333333333,452,0,5.640476063583055e-05
394,19,38,0.5128205128205128,0,99.05473684210526,484,0,0.01523529378751727
1883,44,40,1.0975609756097562,0,91.77613636363637,446,0,0.0002089800691792671
2867,41,33,1.2352941176470589,0,97.85634146341464,652,0,0.00022539344796413852
977,12,19,0.65,0,105.02583333333332,528,0,0.0185218868137295
1726,23,20,1.1428571428571428,3,93.77869565217391,415,0,0.002475439650680736
4862,26,26,1.0,1,100.99269230769231,432,0,0.0019662050601619613
4287,14,11,1.25,0,96.73071428571428,458,0,0.002165135703466821
959,43,39,1.1,0,98.45116279069767,576,0,0.0002637151812877287
2875,17,21,0.8181818181818182,0,78.7235294117647,545,0,0.0059957790979177925
1719,41,40,1.024390243902439,0,84.12146341463415,544,0,0.00035845300385835174
2019,3,17,0.2222222222222222,10,81.97333333333334,561,1,0.5748641247419981
2289,20,26,0.7777777777777778,2,84.2955,575,0,0.008658159634111437
2341,51,43,1.1818181818181819,0,67.75470588235295,581,0,8.008030886351673e-05
1632,12,16,0.7647058823529411,7,51.1775,672,0,0.048704469062237354
266,31,28,1.103448275862069,1,96.03096774193548,565,0,0.0009631029893980718
2960,13,15,0.875,0,74.64307692307692,423,0,0.006470264720677157
311,27,33,0.8235294117647058,0,90.57111111111111,498,0,0.0024863665782348296
1340,43,35,1.2222222222222223,0,85.03558139534884,539,0,0.00015868123786754986
3170,49,32,1.5151515151515151,1,87.22142857142858,511,0,4.598190522454354e-05
4040,25,25,1.0,3,73.626,601,0,0.003263132727358777
4352,37,31,1.1875,0,65.92837837837837,534,0,0.00027202137383939553
2738,18,17,1.0555555555555556,1,100.11111111111111,552,0,0.0037381830643734236
1455,15,8,1.7777777777777777,0,80.47933333333334,680,0,0.000512953172501093
4100,11,12,0.9230769230769231,1,81.22090909090909,672,0,0.010680048825757002
187,18,30,0.6129032258064516,1,73.28666666666668,585,0,0.013472497261738178
4665,27,23,1.1666666666666667,2,137.23888888888888,451,0,0.0017044067547724497
4480,32,38,0.8461538461538461,2,67.5034375,559,0,0.0021026204104914277
1563,11,15,0.75,1,112.93,424,0,0.018069925742583023
2306,17,26,0.6666666666666666,1,117.74882352941177,602,0,0.016219153138354203
4265,32,30,1.064516129032258,2,95.145,402,0,0.001102830512975815
2955,18,20,0.9047619047619048,0,76.04666666666667,401,0,0.003726245236535518
4083,18,31,0.59375,0,74.98111111111112,463,0,0.010740503888660559
2753,7,16,0.47058823529411764,1,88.14142857142858,504,0,0.0559030762131174
1057,23,15,1.5,0,81.32217391304347,468,0,0.00040632200624078976
2304,36,39,0.925,1,88.69472222222223,425,0,0.0009323785931020595
663,30,42,0.7209302325581395,0,80.76066666666667,639,0,0.0028754215439586984
92,14,14,1.0,5,70.61142857142858,447,0,0.012183745463880706
1003,39,42,0.9302325581395349,0,103.6825641025641,434,0,0.0006121527553827232
574,42,33,1.2647058823529411,2,90.36666666666667,697,0,0.0002980481431173643
4760,17,25,0.6923076923076923,0,63.366470588235295,409,0,0.007648931994065842
3438,11,22,0.5217391304347826,3,70.64454545454545,419,0,0.04592080436869068
1202,32,32,1.0,2,105.5446875,404,0,0.001449405128251039
603,39,51,0.7692307692307693,0,67.52512820512821,659,0,0.001031456568553854
1053,27,24,1.12,0,95.84444444444445,412,0,0.0009340651274416874
2228,43,41,1.0476190476190477,0,95.99,613,0,0.00031937205939852115
1076,12,18,0.6842105263157895,2,68.78333333333333,486,0,0.020365182083843355
3528,25,33,0.7647058823529411,2,87.96,643,0,0.006325981600541336
591,29,30,0.967741935483871,0,100.57655172413793,429,0,0.0013143752819172129
358,22,35,0.6388888888888888,2,55.20272727272727,672,0,0.01061628953188897
3706,19,15,1.25,5,106.52894736842104,653,0,0.005470877823300874
2025,35,40,0.8780487804878049,3,71.12028571428571,558,0,0.001848420580809066
3811,34,21,1.5909090909090908,0,91.12970588235294,566,0,0.00013007574973083018
3162,42,27,1.5357142857142858,0,99.74619047619048,651,0,8.434974264140168e-05
1611,31,34,0.9142857142857143,0,105.9190322580645,656,0,0.0016430420093336059
2581,19,17,1.1111111111111112,1,79.32315789473684,561,0,0.002549798658449737
815,1,5,0.3333333333333333,24,141.46,448,1,0.964712236346282
984,31,36,0.8648648648648649,0,93.41387096774193,523,0,0.0015667778269870005
961,28,13,2.0714285714285716,1,105.26071428571427,577,0,8.357683808728439e-05
4503,49,36,1.3513513513513513,0,97.57306122448979,468,0,6.210500599271742e-05
135,15,13,1.1428571428571428,10,87.95866666666666,608,0,0.02800452836819961
149,32,38,0.8461538461538461,1,69.8496875,682,0,0.0019333459141443086
2606,28,31,0.90625,0,100.94464285714285,540,0,0.0019057794597139403
3786,39,28,1.3793103448275863,0,84.36641025641026,646,0,0.00015971010183828135
3833,37,39,0.95,0,99.20837837837838,502,0,0.0006998589083616904
1818,9,3,2.5,2,86.0788888888889,659,0,0.00021010665688006214
2397,15,12,1.2307692307692308,0,74.49533333333333,613,0,0.002115122567294521
1016,31,27,1.1428571428571428,0,79.94903225806452,584,0,0.0006253052613928244
2710,28,27,1.0357142857142858,1,124.80464285714285,680,0,0.0021391946933938086
1012,28,43,0.6590909090909091,0,95.83821428571427,626,0,0.004599017801919232
3171,11,11,1.0,7,100.19818181818182,418,0,0.029457991375019015
4976,21,27,0.7857142857142857,0,78.84571428571428,527,0,0.0045939219147548725
4080,27,29,0.9333333333333333,0,103.84555555555555,428,0,0.0017979895636472825
3257,30,40,0.7560975609756098,1,72.11233333333332,641,0,0.0030274509729724124
3333,11,27,0.42857142857142855,12,74.83818181818182,445,0,0.3365376815425149
2255,44,37,1.1842105263157894,2,91.3125,494,0,0.000258751088836538
1136,46,32,1.4242424242424243,0,105.42021739130435,482,0,6.990796617859978e-05
4710,18,15,1.1875,1,160.82888888888888,614,0,0.003949585421690166
676,17,31,0.5625,2,77.98235294117647,525,0,0.021380584586799162
4794,24,31,0.78125,2,63.28916666666667,581,0,0.0053072599503141416
3329,21,22,0.9565217391304348,4,85.16666666666667,424,0,0.006374051678503914
2771,21,23,0.9166666666666666,1,83.75095238095238,687,0,0.004562498147587944
4771,43,23,1.8333333333333333,0,84.95046511627906,471,0,2.3964374613181776e-05
3014,7,17,0.4444444444444444,3,65.79714285714286,553,1,0.08359689272099995
357,37,35,1.0555555555555556,0,78.69864864864864,432,0,0.0004159173396814922
2486,19,22,0.8695652173913043,2,60.449473684210524,626,0,0.006401544605703258
4770,31,21,1.4545454545454546,2,69.45258064516129,611,0,0.000371039069110413
2549,18,25,0.7307692307692307,1,73.70777777777778,661,0,0.009819817010738545
4320,28,24,1.16,0,62.88285714285714,502,0,0.0006514390037569849
4392,5,19,0.3,3,85.264,696,1,0.17998977916712147
3997,30,27,1.1071428571428572,0,98.05133333333333,446,0,0.0007641733041808076
2212,31,29,1.0666666666666667,2,80.75903225806452,518,0,0.0011827729512862315
3175,15,15,1.0,2,80.46666666666667,532,0,0.006359418030663744
1485,28,42,0.6744186046511628,0,106.5125,441,0,0.00402219462013842
3150,43,37,1.1578947368421053,0,101.21418604651163,486,0,0.00020618084449782208
2921,46,41,1.119047619047619,0,85.72326086956522,468,0,0.0001584091958459664
2475,28,39,0.725,0,89.40714285714286,573,0,0.0033419525870826902
1863,39,41,0.9523809523809523,0,83.60846153846154,588,0,0.0005660995781883929
803,9,14,0.6666666666666666,1,99.16,424,0,0.025929421423077567
3524,20,23,0.875,0,108.30250000000001,612,0,0.004862419658144966
887,47,47,1.0,1,80.91234042553192,642,0,0.0003045279480856222
1078,22,20,1.0952380952380953,1,69.22454545454546,574,0,0.0019299933002553725
2089,33,39,0.85,0,103.38212121212122,694,0,0.001747078782383901
4739,35,30,1.1612903225806452,3,84.30285714285714,543,0,0.0007983491639314746
863,15,23,0.6666666666666666,0,83.706,468,0,0.011499004975250951
694,32,51,0.6346153846153846,1,99.146875,672,0,0.0047669763694723
4301,35,35,1.0,2,84.52685714285714,503,0,0.0010275098785547652
2587,32,23,1.375,0,93.8959375,603,0,0.00031471648664033305
348,13,23,0.5833333333333334,1,55.870769230769234,645,0,0.02170593625296388
1584,49,41,1.1904761904761905,2,69.40836734693877,509,0,0.00014047826939138117
4280,28,36,0.7837837837837838,1,73.65821428571428,556,0,0.0030678889889297553
976,24,25,0.9615384615384616,1,94.88875,671,0,0.00317480881893714
344,1,10,0.18181818181818182,23,26.5,428,1,0.9430687348289298
1829,12,14,0.8666666666666667,4,73.90416666666667,405,0,0.01762013944147619
1071,6,12,0.5384615384615384,9,101.69166666666666,637,1,0.26819984790866785
4666,11,15,0.75,0,61.29636363636364,607,0,0.012099766491908866
1951,23,27,0.8571428571428571,0,92.61739130434782,517,0,0.0032772725412487463
2806,43,51,0.8461538461538461,1,80.16023255813953,613,0,0.0007099295060466025
1847,26,22,1.173913043478261,2,96.71923076923076,537,0,0.001510494121061982
3199,15,29,0.5333333333333333,0,88.58333333333333,620,0,0.020620720442298027
4211,32,27,1.1785714285714286,1,84.04875,486,0,0.0006017709171205688
3281,6,12,0.5384615384615384,2,129.29,473,0,0.0743961533705239
4070,42,37,1.131578947368421,0,106.01047619047618,670,0,0.0003057560040747148
1849,11,13,0.8571428571428571,8,106.97272727272728,650,0,0.06789157955023578
2660,36,50,0.7254901960784313,0,88.02694444444444,569,0,0.0016245839478424863
2381,23,25,0.9230769230769231,0,88.3395652173913,565,0,0.0026881058488601763
4372,45,49,0.92,0,107.538,631,0,0.00044528860166493837
3020,39,40,0.975609756097561,0,90.33615384615385,595,0,0.0005510008684470746
4775,17,13,1.2857142857142858,1,95.36529411764707,686,0,0.002351415253471319
2160,12,11,1.0833333333333333,4,88.28583333333334,457,0,0.01012867288506297
2524,36,30,1.1935483870967742,0,69.96194444444444,681,0,0.00035438738460580386
3493,34,32,1.0606060606060606,0,79.81088235294118,476,0,0.0005586491859739094
556,31,17,1.7777777777777777,0,89.2216129032258,479,0,9.084819695161701e-05
115,28,22,1.2608695652173914,0,56.4775,529,0,0.0004693869369497714
3982,47,40,1.170731707317073,0,101.38063829787235,498,0,0.00013827721687287425
755,31,38,0.8205128205128205,0,77.99483870967742,568,0,0.0017166665397978403
2260,28,26,1.0740740740740742,1,99.74428571428572,692,0,0.0016469856317875252
1809,34,46,0.7446808510638298,0,105.38558823529412,412,0,0.0018074992968879257
1487,38,40,0.9512195121951219,0,98.73473684210526,699,0,0.0007792284597358952
1678,30,19,1.55,0,103.074,422,0,0.00020166278495477828
4928,30,25,1.1923076923076923,1,89.76066666666667,645,0,0.0008431731883385933
4192,34,38,0.8974358974358975,0,103.56911764705882,477,0,0.001103413059289098
1429,42,35,1.1944444444444444,2,101.92142857142856,463,0,0.0003155050595130744
4156,49,29,1.6666666666666667,0,82.17061224489797,487,0,2.199481446141004e-05
2236,22,30,0.7419354838709677,0,79.60818181818182,625,0,0.005316355684323557
4161,37,40,0.926829268292683,0,84.4862162162162,582,0,0.0007385213590889176
2194,19,20,0.9523809523809523,2,75.64052631578947,502,0,0.004863393653038147
4964,34,28,1.206896551724138,1,105.3164705882353,416,0,0.000499740406822956
2459,13,14,0.9333333333333333,1,91.03615384615385,682,0,0.009293063187248983
792,26,27,0.9642857142857143,1,125.61038461538462,483,0,0.0026530201752465233
4982,40,36,1.1081081081081081,0,86.838,643,0,0.00033869324130310975
3338,23,40,0.5853658536585366,0,91.79217391304347,442,0,0.007823106404042752
231,2,19,0.15,21,52.17,443,1,0.9343300469194679
4727,14,10,1.3636363636363635,3,33.665,434,0,0.002021527039812135
2158,14,14,1.0,0,77.46071428571429,456,0,0.004123920868317185
1744,24,26,0.9259259259259259,0,81.86583333333333,636,0,0.002512599350551997
1664,34,35,0.9722222222222222,2,74.40588235294118,542,0,0.001191828032503728
4454,39,26,1.4814814814814814,3,69.68666666666667,516,0,0.0001845617616511396
393,31,27,1.1428571428571428,0,98.30677419354839,520,0,0.0006605038476216463
1448,37,34,1.0857142857142856,0,96.94540540540541,478,0,0.0004362901750686986
2746,39,35,1.1111111111111112,0,99.24538461538462,632,0,0.00039308087337461647
2408,33,41,0.8095238095238095,0,322.2921212121212,560,0,0.0069507086195595355
1159,18,23,0.7916666666666666,2,90.0838888888889,597,0,0.010439832035137769
4158,25,44,0.5777777777777777,0,92.9412,640,0,0.007936615199067866
2389,34,34,1.0,0,65.0764705882353,438,0,0.0006053323540874409
4215,22,19,1.15,2,78.29363636363637,402,0,0.001901484263526951
1740,33,29,1.1333333333333333,0,87.4518181818182,570,0,0.0005533606545741237
3360,18,17,1.0555555555555556,1,78.30388888888889,404,0,0.0029383482061797576
862,21,9,2.2,1,137.32714285714286,663,0,0.00016375054354658008
4138,10,9,1.1,2,73.739,435,0,0.006630683566590614
2800,44,40,1.0975609756097562,0,103.95590909090907,462,0,0.00022817838491498367
2879,11,11,1.0,2,136.38727272727272,406,0,0.011844960177136184
1807,4,22,0.21739130434782608,16,43.7275,555,1,0.7923284288688452
3739,20,31,0.65625,0,63.918499999999995,450,0,0.006773296281595678
2305,29,24,1.2,2,77.59724137931035,671,0,0.0010826172972161151
4333,9,8,1.1111111111111112,1,56.55444444444444,431,0,0.005034594006248737
140,14,9,1.5,5,76.74142857142859,405,0,0.002770179077347726
3498,13,8,1.5555555555555556,0,103.26538461538462,663,0,0.001297113153100171
4643,23,31,0.75,2,83.79695652173913,679,0,0.008035625870761537
2026,43,31,1.375,0,82.62279069767442,515,0,9.53193417062552e-05
1597,31,23,1.3333333333333333,1,96.92967741935485,482,0,0.0004447059174858548
4869,20,25,0.8076923076923077,1,55.746,490,0,0.004969811560235929
1235,31,33,0.9411764705882353,0,70.35,596,0,0.0011292461336430478
2569,27,21,1.2727272727272727,1,89.22,421,0,0.0007060885318716085
4009,39,20,1.9047619047619047,0,68.11076923076924,665,0,3.233123680589237e-05
3791,34,46,0.7446808510638298,2,91.72823529411765,646,0,0.003137761289951267
2290,37,28,1.3103448275862069,0,70.36783783783784,581,0,0.00020060166695537866
595,11,22,0.5217391304347826,0,83.07090909090908,459,0,0.02613849893095488
1133,36,45,0.8043478260869565,1,109.76861111111111,471,0,0.0016405713133269132
2075,40,38,1.0512820512820513,0,98.47025,577,0,0.0004066599414929534
3100,6,14,0.4666666666666667,0,93.12333333333333,590,0,0.05373811941194593
4179,10,6,1.5714285714285714,3,93.628,560,0,0.0026592236321835226
4722,29,41,0.7142857142857143,0,258.1134482758621,416,0,0.008044189252455418
3646,31,27,1.1428571428571428,1,92.06612903225808,507,0,0.0007890177829203513
3868,18,13,1.3571428571428572,0,95.27111111111111,633,0,0.0012928656176304416
4690,37,48,0.7755102040816326,2,62.738378378378385,699,0,0.0019198132100248886
4819,3,17,0.2222222222222222,4,112.23,420,1,0.2850959437449445
3702,16,12,1.3076923076923077,3,96.1825,625,0,0.0035225394201653403
4565,22,32,0.696969696969697,2,56.35318181818182,598,0,0.008169492856274996
1090,27,28,0.9655172413793104,1,93.07037037037037,549,0,0.002075701043571735
225,34,30,1.1290322580645162,0,106.40794117647059,608,0,0.0006004875826286329
2661,15,15,1.0,0,76.34933333333333,467,0,0.0037649477771437324
1531,11,9,1.2,0,52.11181818181819,697,0,0.003262015335788906
1142,24,42,0.5813953488372093,2,78.62375,420,0,0.01044027114412257
3029,26,27,0.9642857142857143,0,79.61192307692308,431,0,0.001538631447298321
3544,18,9,1.9,2,87.32777777777778,688,0,0.00045787439865681957
3970,38,39,0.975,0,85.42473684210526,556,0,0.0005647830414945008
1194,25,26,0.9629629629629629,2,84.31,542,0,0.002963973051459947
1183,35,45,0.782608695652174,0,91.27542857142856,565,0,0.0014774947039308906
749,15,12,1.2307692307692308,3,64.28533333333333,652,0,0.004077140393320112
552,41,51,0.8076923076923077,0,85.0229268292683,451,0,0.0006994787160272822
410,32,20,1.5714285714285714,0,132.3659375,647,0,0.00024183133589873103
1532,9,18,0.5263157894736842,3,162.46777777777777,420,0,0.08761261820526366
4854,43,39,1.1,0,81.12837209302326,683,0,0.00026712925607434143
761,36,35,1.0277777777777777,4,76.30166666666668,534,0,0.001316596710050227
3304,38,27,1.3928571428571428,0,119.01842105263158,664,0,0.0002163257194510515
4364,19,21,0.9090909090909091,2,59.27315789473685,526,0,0.005137982857646985
3090,16,23,0.7083333333333334,1,78.8925,596,0,0.012190089720878794
4877,28,39,0.725,1,72.69821428571429,568,0,0.0037623363965835137
2083,30,44,0.6888888888888889,1,92.88833333333334,499,0,0.003834488188903295
4944,11,25,0.46153846153846156,1,78.34272727272727,689,1,0.045403857847019814
4465,19,33,0.5882352941176471,1,70.78315789473685,671,0,0.014369515105219449
4512,32,36,0.8918918918918919,1,87.7828125,663,0,0.0018179222324260919
3481,17,10,1.6363636363636365,2,84.12058823529412,626,0,0.0009294703882819041
3705,38,43,0.8863636363636364,1,89.64184210526315,549,0,0.0009702619435679006
4939,15,16,0.9411764705882353,0,96.99133333333333,598,0,0.005719602745305894
3287,33,43,0.7727272727272727,0,149.669696969697,639,0,0.002831310226090879
1245,28,23,1.2083333333333333,0,63.19142857142857,404,0,0.0005242211271963217
2793,12,16,0.7647058823529411,1,106.32166666666666,539,0,0.01627168778252856
2330,18,11,1.5833333333333333,1,92.45611111111111,680,0,0.0008935754780762896
1319,20,16,1.2352941176470589,0,90.32050000000001,580,0,0.0013937977574833577
4004,7,9,0.8,4,74.03428571428572,459,0,0.03453320121369616
2369,21,22,0.9565217391304348,2,62.30714285714286,647,0,0.004205713258648652
2109,10,11,0.9166666666666666,3,103.15,614,0,0.019875290858240236
4537,58,47,1.2291666666666667,1,84.02948275862069,482,0,4.620418157695547e-05
1419,48,42,1.1395348837209303,1,80.67770833333334,557,0,0.00016138610441800746
2554,48,35,1.3611111111111112,0,89.70187499999999,405,0,6.020555096524061e-05
3888,40,37,1.0789473684210527,1,84.672,658,0,0.00046752400089084835
2164,9,14,0.6666666666666666,2,89.50555555555555,413,0,0.030426775142148837
4749,34,43,0.7954545454545454,0,71.84264705882353,590,0,0.0014036332919063175
3371,26,33,0.7941176470588235,1,96.045,628,0,0.004346333888761095
2231,33,40,0.8292682926829268,0,80.12363636363636,679,0,0.0015884578216552546
1014,54,50,1.0784313725490196,0,95.14814814814815,544,0,9.781045938847267e-05
3455,39,23,1.6666666666666667,0,83.18435897435897,440,0,5.4621481105914253e-05
4201,49,43,1.1363636363636365,1,79.4734693877551,475,0,0.0001381280607508511
997,34,35,0.9722222222222222,1,142.1879411764706,591,0,0.0015232599146817575
1587,17,25,0.6923076923076923,1,86.56294117647059,676,0,0.013333056898427953
1703,27,32,0.8484848484848485,1,77.68888888888888,640,0,0.0030076857417978067
4232,43,35,1.2222222222222223,0,78.05302325581395,518,0,0.00014893669829096887
588,11,10,1.0909090909090908,3,101.50636363636363,448,0,0.009327121762903118
1865,11,28,0.41379310344827586,2,112.25363636363636,578,0,0.07229351217605955
4567,14,13,1.0714285714285714,1,138.8892857142857,488,0,0.0061978722821252495
1243,27,40,0.6829268292682927,0,76.23777777777778,553,0,0.003833233777924558
728,45,36,1.2432432432432432,1,85.618,553,0,0.00015778354005822098
2760,42,29,1.4333333333333333,0,94.54047619047618,659,0,0.00011144139590220511
3908,23,27,0.8571428571428571,0,129.6273913043478,641,0,0.004626449526599646
4960,16,13,1.2142857142857142,0,75.030625,585,0,0.0019657752979278355
1526,10,16,0.6470588235294118,0,81.885,604,0,0.020592321786662593
4806,15,23,0.6666666666666666,11,115.97933333333334,559,0,0.15276209338010313
1120,40,41,0.9761904761904762,0,90.72274999999999,695,0,0.0005659840686254542
2981,2,10,0.2727272727272727,15,31.64,681,0,0.7524105467841538
537,34,48,0.7142857142857143,2,71.88176470588235,665,0,0.003152236511134051
1070,47,46,1.0212765957446808,0,63.92659574468085,497,0,0.0001772582437144721
3127,32,30,1.064516129032258,2,92.734375,427,0,0.0011011155785644014
3297,17,16,1.0588235294117647,2,137.11529411764707,427,0,0.005834039437107484
354,16,43,0.38636363636363635,0,70.595625,409,0,0.02554080393651893
825,26,24,1.08,2,71.71846153846154,672,0,0.0019849883658984973
774,9,14,0.6666666666666666,3,107.61888888888888,446,0,0.0424657748527932
3115,38,45,0.8478260869565217,0,81.32447368421053,550,0,0.0008376470395131553
1377,22,15,1.4375,1,92.69045454545454,474,0,0.0007301907471759973
2250,1,14,0.13333333333333333,12,40.54,548,1,0.7081791724697689
169,13,14,0.9333333333333333,3,81.0076923076923,693,0,0.01377130668411225
